search_location,name,address,available,slow_available,fast_available,detail_url,cached_at
서울 강북구,서울 강북구 미아뉴타운래미안트리베라1차아파트,서울 강북구 삼양로19길 25,33,32,1,https://chargecheck.kr/ev/station/data-PL032102,2026-08-27T08:24:53.227520+00:00
서울 강북구,미아 동부센트레빌,서울 강북구 숭인로7가길 37,7,7,0,https://chargecheck.kr/ev/station/data-PL032639,2026-08-27T08:24:53.227520+00:00
서울 강북구,서울 기산그린아파트,서울 강북구 월계로37길 137,4,4,0,https://chargecheck.kr/ev/station/data-PL031839,2026-08-27T08:24:53.227520+00:00
서울 강북구,경남아너스빌,서울 강북구 오패산로30길 30,3,3,0,https://chargecheck.kr/ev/station/data-PL001064,2026-08-27T08:24:53.227520+00:00
서울 강북구,서울 강북구 장미원시장 공영주차장,"서울 강북구 인수봉로78길 24 (수유동, 장미원시장 공영주차장)",2,0,2,https://chargecheck.kr/ev/station/data-BNBN0058,2026-08-27T08:24:53.227520+00:00
서울 강북구,서울 강북구 삼성화재수유사옥,서울특별시 강북구 도봉로 314,1,1,0,https://chargecheck.kr/ev/station/data-PIS00027,2026-08-27T08:24:53.227520+00:00
서울 강북구,서울 강북구 오패산로 190 (저압수용가),서울특별시 강북구 오패산로 190,1,1,0,https://chargecheck.kr/ev/station/data-SF002120,2026-08-27T08:24:53.227520+00:00
서울 강남구,서울 강남자곡아이파크1,서울 강남구 자곡로 175,22,22,0,https://chargecheck.kr/ev/station/data-PL031768,2026-08-27T08:44:49.048027+00:00
서울 강남구,강남신동아파밀리에3단지,서울 강남구 헌릉로590길 11,11,11,0,https://chargecheck.kr/ev/station/data-PL032820,2026-08-27T08:44:49.048027+00:00
서울 강남구,서울 롯데캐슬노블,서울 강남구 도곡로13길 19,9,8,1,https://chargecheck.kr/ev/station/data-PL031462,2026-08-27T08:44:49.048027+00:00
서울 강남구,서울 강남구 대치삼성APT,서울특별시 강남구 도곡로78길 22,8,8,0,https://chargecheck.kr/ev/station/data-PI796562,2026-08-27T08:44:49.048027+00:00
서울 강남구,서울 세곡푸르지오아파트,서울 강남구 자곡로 21,8,8,0,https://chargecheck.kr/ev/station/data-PL031760,2026-08-27T08:44:49.048027+00:00
서울 강남구,대치아이파크아파트,서울 강남구 선릉로 222,5,5,0,https://chargecheck.kr/ev/station/data-PL033275,2026-08-27T08:44:49.048027+00:00
서울 강남구,대치아파트,서울 강남구 개포로109길 5,5,5,0,https://chargecheck.kr/ev/station/data-PL033400,2026-08-27T08:44:49.048027+00:00
서울 강남구,서울 강남구 수서신동아아파트,서울특별시 강남구 광평로47길 17,5,5,0,https://chargecheck.kr/ev/station/data-PI808741,2026-08-27T08:44:49.048027+00:00
서울 강남구,강남데시앙파크,서울 강남구 헌릉로590길 63,4,4,0,https://chargecheck.kr/ev/station/data-PL032844,2026-08-27T08:44:49.048027+00:00
서울 강남구,경남아파트,서울 강남구 언주로 110,4,4,0,https://chargecheck.kr/ev/station/data-PL033017,2026-08-27T08:44:49.048027+00:00
서울 강남구,삼성래미안펜타빌아파트,서울 강남구 역삼로 309,4,4,0,https://chargecheck.kr/ev/station/data-PL032711,2026-08-27T08:44:49.048027+00:00
서울 강남구,상록수아파트,서울 강남구 광평로10길 15,4,4,0,https://chargecheck.kr/ev/station/data-PL032779,2026-08-27T08:44:49.048027+00:00
서울 강남구,서울 강남구 삼성동롯데아파트,서울특별시 강남구 학동로 432,4,4,0,https://chargecheck.kr/ev/station/data-PIS00074,2026-08-27T08:44:49.048027+00:00
서울 강남구,서울 강남구 삼성동현대아파트,서울특별시 강남구 학동로64길 14,4,4,0,https://chargecheck.kr/ev/station/data-PIS00090,2026-08-27T08:44:49.048027+00:00
서울 강남구,서울 강남구 해성2빌딩,서울특별시 강남구 테헤란로 508,4,4,0,https://chargecheck.kr/ev/station/data-PIS00066,2026-08-27T08:44:49.048027+00:00
서울 강남구,서울강남 역삼아이파크1,서울 강남구 역삼로 307,4,4,0,https://chargecheck.kr/ev/station/data-EV020127,2026-08-27T08:44:49.048027+00:00
서울 강남구,강남힐스테이트에코,서울 강남구 자곡로 202,3,3,0,https://chargecheck.kr/ev/station/data-PL030369,2026-08-27T08:44:49.048027+00:00
서울 강남구,대청타워,서울 강남구 개포로 623,3,3,0,https://chargecheck.kr/ev/station/data-PL030408,2026-08-27T08:44:49.048027+00:00
서울 강남구,서울 강남구 래미안삼성2차아파트,서울특별시 강남구 선릉로130길 20,3,3,0,https://chargecheck.kr/ev/station/data-PI794588,2026-08-27T08:44:49.048027+00:00
서울 강남구,서울 강남구 역삼KB라이프타워,서울특별시 강남구 강남대로 298,3,3,0,https://chargecheck.kr/ev/station/data-PIS00010,2026-08-27T08:44:49.048027+00:00
서울 강남구,서울 강남구 해성빌딩,서울특별시 강남구 테헤란로 504,3,3,0,https://chargecheck.kr/ev/station/data-PIS00065,2026-08-27T08:44:49.048027+00:00
서울 강남구,서울 신영빌딩,서울 강남구 영동대로 731,3,3,0,https://chargecheck.kr/ev/station/data-PL031440,2026-08-27T08:44:49.048027+00:00
서울 강남구,서울 팍스타워,서울 강남구 언주로 609,3,3,0,https://chargecheck.kr/ev/station/data-PL031576,2026-08-27T08:44:49.048027+00:00
서울 강남구,역삼 푸르지오 시티,서울 강남구 논현로85길 52,3,3,0,https://chargecheck.kr/ev/station/data-PL030414,2026-08-27T08:44:49.048027+00:00
서울 강남구,렉서스 강남 전시장(엘엔티렉서스),"서울 강남구 영동대로 312(대치동, 엘앤티렉서스(주)LEXUS전시장)",2,0,2,https://chargecheck.kr/ev/station/data-CV004433,2026-08-27T08:44:49.048027+00:00
서울 강남구,포르쉐 센터 SSCL 대치서비스,"서울 강남구 역삼로 523(대치동, 포르쉐 대치 서비스센터)",2,0,2,https://chargecheck.kr/ev/station/data-CV004404,2026-08-27T08:44:49.048027+00:00
서울 강남구,서울 강남 남경센터,서울 강남구 테헤란로 401,2,2,0,https://chargecheck.kr/ev/station/data-PL031186,2026-08-27T08:44:49.048027+00:00
서울 강남구,서울 강남구 래미안삼성1차아파트105번지,서울특별시 강남구 영동대로114길 56,2,2,0,https://chargecheck.kr/ev/station/data-PI793909,2026-08-27T08:44:49.048027+00:00
서울 강남구,서울 강남구 코레이트타워,서울특별시 강남구 테헤란로 137,2,2,0,https://chargecheck.kr/ev/station/data-PIH01799,2026-08-27T08:44:49.048027+00:00
서울 강남구,서울 강남구 태보역삼아이타워,서울특별시 강남구 테헤란로 326,2,2,0,https://chargecheck.kr/ev/station/data-PIS00006,2026-08-27T08:44:49.048027+00:00
서울 강남구,청담스위트,서울 강남구 학동로73길 13,2,2,0,https://chargecheck.kr/ev/station/data-PL033558,2026-08-27T08:44:49.048027+00:00
서울 강남구,SEMA Tower,서울 강남구 테헤란로 509,2,2,0,https://chargecheck.kr/ev/station/data-PL033880,2026-08-27T08:44:49.048027+00:00
서울 강남구,서울 강남구 1964빌딩,서울특별시 강남구 도산대로 240,1,1,0,https://chargecheck.kr/ev/station/data-PIS00017,2026-08-27T08:44:49.048027+00:00
서울 강남구,서울 강남구 거평타운오피스텔,서울특별시 강남구 봉은사로 129,1,1,0,https://chargecheck.kr/ev/station/data-PIS00042,2026-08-27T08:44:49.048027+00:00
서울 강남구,서울 강남구 대치 SK VIEW 아파트,서울특별시 강남구 삼성로51길 25,1,1,0,https://chargecheck.kr/ev/station/data-PI807720,2026-08-27T08:44:49.048027+00:00
서울 강남구,서울 강남구 도곡현대하이페리온아파트,서울특별시 강남구 도곡로4길 31,1,1,0,https://chargecheck.kr/ev/station/data-PI795179,2026-08-27T08:44:49.048027+00:00
서울 강남구,서울 강남구 래미안그레이튼,서울특별시 강남구 도곡로43길 20,1,1,0,https://chargecheck.kr/ev/station/data-PI795169,2026-08-27T08:44:49.048027+00:00
서울 강남구,서울 강남구 베스트웨스턴프리미어강남,서울특별시 강남구 봉은사로 139,1,1,0,https://chargecheck.kr/ev/station/data-PIS00051,2026-08-27T08:44:49.048027+00:00
서울 강남구,서울 강남구 파크하얏트서울,서울특별시 강남구 테헤란로 606,1,1,0,https://chargecheck.kr/ev/station/data-PIS00031,2026-08-27T08:44:49.048027+00:00
서울 강남구,서울강남 (주)신사에스앤지 1,서울 강남구 역삼로 542,1,1,0,https://chargecheck.kr/ev/station/data-EV017701,2026-08-27T08:44:49.048027+00:00
서울 강남구,역삼현대벤쳐텔,서울 강남구 테헤란로25길 20,1,1,0,https://chargecheck.kr/ev/station/data-PL030434,2026-08-27T08:44:49.048027+00:00
서울 강남구,우신빌딩,서울 강남구 테헤란로 145 ..,1,1,0,https://chargecheck.kr/ev/station/data-PI718078,2026-08-27T08:44:49.048027+00:00
서울 강남구,서울 강남구 강남위워크타워,서울특별시 강남구 테헤란로 427,0,0,0,https://chargecheck.kr/ev/station/data-PIS00053,2026-08-27T08:44:49.048027+00:00
서울 강남구,서울 강남구 케이티선릉타워,서울특별시 강남구 테헤란로 422,0,0,0,https://chargecheck.kr/ev/station/data-PI645442,2026-08-27T08:44:49.048027+00:00
서울 강남구,서울 더채플청담빌딩,서울 강남구 역삼동 607-21,0,0,0,https://chargecheck.kr/ev/station/data-EP230166,2026-08-27T08:44:49.048027+00:00
서울 강남구,서울강남 역삼아이파크2,서울 강남구 역삼로 307,0,0,0,https://chargecheck.kr/ev/station/data-EV020128,2026-08-27T08:44:49.048027+00:00
서울 성북구,서울 삼선대우푸르지오아파트,서울 성북구 보문로29다길 31,33,33,0,https://chargecheck.kr/ev/station/data-PL031728,2026-08-28T00:30:54.687840+00:00
서울 성북구,정릉 이-편한세상,서울 성북구 솔샘로24길 15,11,11,0,https://chargecheck.kr/ev/station/data-PL033290,2026-08-28T00:30:54.687840+00:00
서울 성북구,길음뉴타운,서울 성북구 길음로 74,10,10,0,https://chargecheck.kr/ev/station/data-PL033357,2026-08-28T00:30:54.687840+00:00
서울 성북구,길음뉴타운 데시앙,서울 성북구 서경로 28,9,9,0,https://chargecheck.kr/ev/station/data-PL030865,2026-08-28T00:30:54.687840+00:00
서울 성북구,길음뉴타운 경남아너스빌,서울 성북구 정릉로 305,7,7,0,https://chargecheck.kr/ev/station/data-PL033509,2026-08-28T00:30:54.687840+00:00
서울 성북구,서울 성북구 정릉우성아파트,서울특별시 성북구 북악산로 813,7,7,0,https://chargecheck.kr/ev/station/data-PIS00052,2026-08-28T00:30:54.687840+00:00
서울 성북구,석관동신동아파밀리에,서울 성북구 화랑로 210-26,6,6,0,https://chargecheck.kr/ev/station/data-ER000428,2026-08-28T00:30:54.687840+00:00
서울 성북구,길음7구역 두산위브아파트,서울 성북구 길음로13길 22,5,5,0,https://chargecheck.kr/ev/station/data-PL032433,2026-08-28T00:30:54.687840+00:00
서울 성북구,보문아이파크아파트,서울 성북구 지봉로21길 19,5,5,0,https://chargecheck.kr/ev/station/data-PL033420,2026-08-28T00:30:54.687840+00:00
서울 성북구,서울 성북우정에쉐르아파트,서울 성북구 북악산로 742-12,4,4,0,https://chargecheck.kr/ev/station/data-PL031910,2026-08-28T00:30:54.687840+00:00
서울 성북구,서울 성북구 정릉4동 공동주차장,서울 성북구 정릉동 266-56,3,3,0,https://chargecheck.kr/ev/station/data-BNBN0368,2026-08-28T00:30:54.687840+00:00
서울 성북구,서울 성북구 길음뉴타운신안파크아파트,서울특별시 성북구 길음로 141,3,3,0,https://chargecheck.kr/ev/station/data-PI807986,2026-08-28T00:30:54.687840+00:00
서울 성북구,서울 성북구 벤처창업지원센터 주차장,"서울 성북구 화랑로 211 (장위동, 성북벤처창업지원센터)",2,0,2,https://chargecheck.kr/ev/station/data-BNBN0102,2026-08-28T00:30:54.687840+00:00
서울 성북구,서울 성북구 시네마빌딩 주차장,서울 성북구 아리랑로12길 4 (돈암동),2,1,1,https://chargecheck.kr/ev/station/data-BNBN0213,2026-08-28T00:30:54.687840+00:00
서울 성북구,서울성북 서경대학교 5,서울 성북구 서경로 124,2,0,2,https://chargecheck.kr/ev/station/data-EV019525,2026-08-28T00:30:54.687840+00:00
서울 성북구,삼선현대힐스테이트아파트,서울 성북구 낙산길 243-15,2,2,0,https://chargecheck.kr/ev/station/data-PL032440,2026-08-28T00:30:54.687840+00:00
서울 성북구,서울 성북구 돈암힐스테이트,서울특별시 성북구 아리랑로 68,2,2,0,https://chargecheck.kr/ev/station/data-PI807857,2026-08-28T00:30:54.687840+00:00
서울 성북구,서울 성북구 미아중앙교회,서울특별시 성북구 삼양로4길 14,2,2,0,https://chargecheck.kr/ev/station/data-PI784948,2026-08-28T00:30:54.687840+00:00
서울 성북구,서울 성북구 장위1동 동방고개 공영주차장,"서울 성북구 장위로13길 9 (장위동, 공영주차장)",2,2,0,https://chargecheck.kr/ev/station/data-BNBN0317,2026-08-28T00:30:54.687840+00:00
서울 성북구,서울 성북구 장위3동 마을공원 공영주차장,서울 성북구 장위동 77-79,2,2,0,https://chargecheck.kr/ev/station/data-BNBN0070,2026-08-28T00:30:54.687840+00:00
서울 성북구,서울 성북구 정릉피오레아파트,서울특별시 성북구 보국문로 183,2,2,0,https://chargecheck.kr/ev/station/data-PI808261,2026-08-28T00:30:54.687840+00:00
서울 성북구,서울성북 브라운스톤돈암아파트 1,서울 성북구 북악산로 844,2,2,0,https://chargecheck.kr/ev/station/data-EV020191,2026-08-28T00:30:54.687840+00:00
서울 성북구,석관코오롱아파트,서울 성북구 한천로 509,2,2,0,https://chargecheck.kr/ev/station/data-PL032107,2026-08-28T00:30:54.687840+00:00
서울 성북구,드림랜드주유소,서울 성북구 월계로 128 (장위동),1,0,1,https://chargecheck.kr/ev/station/data-ST601186,2026-08-28T00:30:54.687840+00:00
서울 성북구,서울 성북구 돌곶이로24길 8 (저압수용가),서울특별시 성북구 돌곶이로24길 8,1,1,0,https://chargecheck.kr/ev/station/data-SF002515,2026-08-28T00:30:54.687840+00:00
서울 성북구,서울 성북구 삼선동 공영주차장,서울 성북구 삼선동1가 278-6,1,1,0,https://chargecheck.kr/ev/station/data-BNBN0257,2026-08-28T00:30:54.687840+00:00
서울 성북구,서울 푸른마을동아,서울 성북구 서경로 31,1,1,0,https://chargecheck.kr/ev/station/data-PL031560,2026-08-28T00:30:54.687840+00:00
서울 성북구,서울성북 브라운스톤돈암아파트 3,서울 성북구 북악산로 844,1,1,0,https://chargecheck.kr/ev/station/data-EV020193,2026-08-28T00:30:54.687840+00:00
서울 성북구,정릉우방아파트,서울 성북구 북악산로 746,1,1,0,https://chargecheck.kr/ev/station/data-PL000960,2026-08-28T00:30:54.687840+00:00
서울 성북구,서울 성북구 장위제일교회,서울특별시 성북구 장월로38길 29,0,0,0,https://chargecheck.kr/ev/station/data-BNBN0410,2026-08-28T00:30:54.687840+00:00
서울 성북구,서울 성북구 영암교회,"서울 성북구 정릉로 402-12 (돈암동, 영암교회)",0,0,0,https://chargecheck.kr/ev/station/data-BNBN0560,2026-08-28T00:30:54.687840+00:00
서울 성북구,삼선새마을금고,서울 성북구 아리랑로 16,0,0,0,https://chargecheck.kr/ev/station/data-LU002135,2026-08-28T00:30:54.687840+00:00
서울 성북구,서울성북 브라운스톤돈암아파트 2,서울 성북구 북악산로 844,0,0,0,https://chargecheck.kr/ev/station/data-EV020192,2026-08-28T00:30:54.687840+00:00
서울 성북구,서울성북 정릉스카이쌍용아파트 1,서울 성북구 북악산로 828,0,0,0,https://chargecheck.kr/ev/station/data-EV019468,2026-08-28T00:30:54.687840+00:00
서울 성북구,서울성북 정릉스카이쌍용아파트 2,서울 성북구 북악산로 828,0,0,0,https://chargecheck.kr/ev/station/data-EV019469,2026-08-28T00:30:54.687840+00:00
